Datetime,Location,Tweet Id,Text,Username,Like Count,Retweet Count,Reply Count
2022-02-18 23:59:56+00:00,,1494824033342431232,@martuchi63 Seguramente @LillyTellez ya debe de estarle gritoneandole al COVID- 19 y amenazando con hacerle juicio polÃ­tico en compaÃ±Ã­a de sus comadritas de chisme @kenialopezr y @XochitlGalvez,LugoPepe1,5,3,1
2022-02-18 23:59:54+00:00,,1494824023846531073,TE DESEO LO MISMO QUE LE DESEAS A OBRADOR EN SU SEXENIO Y LO MISMO QUE LE DESEASTE (INTERIORMENTE) CUANDO ENFERMÃ“ DE COVID-19 https://t.co/jMAsD0rle7,amigofabian,0,0,0
2022-02-18 23:59:53+00:00,On Earth,1494824020243587072,"Note, the 40 and older age groups, where the fully vaccinated (blue) have a higher chance of catching COVID-19 than the unvaccinated (pink).",EugeneH85702222,0,0,1
2022-02-18 23:59:52+00:00,,1494824015281721347,Compra de GUAVIARE - ALCALDÃA MUNICIPIO DE SAN JOSÃ‰ DEL GUAVIARE por COP$ 19.200.000 #covid,controlcivicoco,0,0,1
2022-02-18 23:59:52+00:00,ohio,1494824014770020353,U.S. surgeon general and his entire family tested positive for COVID-19 : NPR https://t.co/OSl7AMeKHr,clevelandwest,0,0,0
2022-02-18 23:59:51+00:00,,1494824013327069184,Hillary Clinton created covid 19,ChicagoWrld2,0,0,0
2022-02-18 23:59:51+00:00,London / Worldwide,1494824010756022274,"If Gates isnâ€™t involved in this, why is he sad that Omicron is like a vaccine? Why would anyone be sad that the virus is weaker. Itâ€™s amazing news! Itâ€™s the end of Covid. The man clearly wanted more cash and control! https://t.co/qGGYm3R4Ac",photographerXA,15,8,2
2022-02-18 23:59:49+00:00,Chile,1494824001721483269,Detectan inflamaciÃ³n cardÃ­aca inusual en 2 niÃ±os que mueren tras recibir la vacuna de Pfizer: Estudio | COVID-19 | Vacunas | pfizer | The Epoch Times en espaÃ±ol https://t.co/eCobJzfidT,carolyn_reuri,2,5,0
2022-02-18 23:59:48+00:00,"Atibaia, Brasil",1494823998332579842,"Atibaia registra mais dois Ã³bitos por Covid-19

Homens de 79 e de 64 faleceram nos Ãºltimos dias, totalizando 374 mortes confirmadas desde o inÃ­cio da pandemia. Acesse: https://t.co/yQKKM217hN

#atibaia #covid19 #coronavÃ­rus #Ã³bitos #saÃºde #dadosoficiais https://t.co/KJHDkYlrbm",AtibaiaHoje,0,1,0
2022-02-18 23:59:45+00:00,"Sacramento County, CA",1494823985380425730,"Need a COVID-19 vaccine or test? Head to Center of Praise (2223 Capitol Ave) tomorrow from 8:30 am-2:30 pm. They will be administering first &amp; second doses, boosters, and COVID-19 tests! Walk-ins welcome!

To find other COVID-19 vaccination clinics, visit: https://t.co/r8YpOdQvup https://t.co/z3vftlvzp4",SacCountyCA,3,1,0
2022-02-18 23:59:42+00:00,,1494823975196807169,Overnight Health Care â€”Â Surgeon General tests positive for COVID-19 https://t.co/xJdxEofEq5,jondknight,0,0,0
2022-02-18 23:59:42+00:00,Lima,1494823974215290884,"Todo sobre Molnupiravir, el medicamento contra el COVID-19 https://t.co/U4DkyRVqIk",Mag_ECpe,0,0,0
2022-02-18 23:59:42+00:00,Saint Lucia,1494823973514788865,St Lucia records 43 new cases of Covid-19 and 3 deaths https://t.co/XHIrfPup7r https://t.co/Zyd1AgDPUe,news_lucia,0,0,0
2022-02-18 23:59:39+00:00,USA,1494823959166074882,"Dolly Note:This proud trucker's daughter supports
#USfreedomConvoy2022
#CanadianFreedomConvoy2022
#GodBlessTruckerFreedomConvoys

US truckers organize stateside convoys set to protest COVID-19 'overreach' https://t.co/lqxCfsabl9 via @nypost",dolly_note,0,0,0
2022-02-18 23:59:33+00:00,"Calgary, Alberta",1494823934902034438,"COVID-19 Update: Alberta has reported 619 new cases and eight deaths since yesterday, according to updated numbers published by the province https://t.co/970JBCsf3g #COVID19AB #abhealth",calgaryherald,0,0,1
2022-02-18 23:59:32+00:00,India,1494823931068534789,Covid 19: Will Omicron outbreak continue to dramatically break records after yesterdayâ€™s 1929 cases? | T-10Â NEWS https://t.co/zZHF1AoYDU,T10WorldNews,0,0,0
2022-02-18 23:59:32+00:00,London,1494823930959384579,#Petition: Do not end legal obligations to self-isolate if people test positive for covid https://t.co/ZKpk2YlyBT #pandemic #COVIDisAirborne #coronavirus #LongCovid #TrendingNow #Trending,Crizzy8822,0,0,0
2022-02-18 23:59:32+00:00,,1494823930762248193,"Jade had to live through her ring of fire life had dealt her!
â˜…RING of FIREâ˜…

â˜…https://t.co/RufmvhF0Ew
â˜…https://t.co/YjN32mRAxw

https://t.co/7epGCt9V0H
#ASMSG #COVID-19
""@BridgitteLesley ""@bl_els ""#IARTG",bl_els,0,0,0
2022-02-18 23:59:31+00:00,,1494823926861635590,@vichoguate Regreso a infectar a todos por incrÃ©dulos al COVID-19,Francis60874190,3,0,0
2022-02-18 23:59:27+00:00,,1494823910885376004,"Update Covid-19, Kasus Aktif di Atas 30 Ribu - https://t.co/9lTKZRKc84 https://t.co/HhKtJvkHfJ",Tandaseru_id,0,0,0
2022-02-18 23:59:26+00:00,"Edinburgh, Scotland",1494823907282595840,Maori People Perform Haka Dance In Protest Of New Zealand COVID-19 Vaccine Mandates  https://t.co/h2Mkfi3TJl,williamalsharif,0,1,0
2022-02-18 23:59:26+00:00,å²¡å´å¸‚ï¼ˆon å›è»¢åº§æ¨™ç³»ï¼‰,1494823906607529984,é‡‘å±±ã¨ã„ãˆã°ï¼ŒCOVID-19ã®ä¸–ç•Œç·šã«ãªã‚‹ç›´å‰ã«è¡Œã£ãŸã±ã²ã†ã‚€ã•ã‚“ã®ãƒ©ã‚¤ãƒ–å¸°ã‚Šã«å¯„ã£ãŸãŠã§ã‚“å±‹ã•ã‚“ãŒæœ€é«˜ã«ç¾å‘³ã—ã‹ã£ãŸã§ã™ï¼ https://t.co/Ulo3qmNcOx,ims_nakamura,6,0,0
2022-02-18 23:59:22+00:00,Southern Pessi Temple,1494823887850426376,"@Pessichologue1 @pessiphon @Pessi_Drole @GxjiraY @NoirPoulet Pour limiter la propagation du virus ğŸ¦ ğŸ™…â€â™‚ï¸il faut :
- se laver les mainsğŸ¤š plusieurs fois par jour avec une solution  hydroalcoholic ğŸ§´ğŸ§¼
- limiter les contacts ğŸ‘¬
- tÃ©lÃ©charger l'application ğŸ“± tous anti covid ğŸ˜»
- ouvrir les fenÃªtres ğŸ–¼
-finito le covidğŸ¦  ğŸ˜¸",Air0shi,0,0,2
2022-02-18 23:59:19+00:00,"Dhaka, Bangladesh",1494823877943386115,Dr. Fauci Says Itâ€™s Time to â€˜Inchâ€™ Back to Normality in the COVID-19 Pandemic. Is HeÂ Right? https://t.co/CvXmx8lRYK,AliPk7332,0,0,0
2022-02-18 23:59:18+00:00,Gotham,1494823874654990340,"Pensando ainda no fato de que a @_vrms_ teve que me contar o porque do 19 de ""Covid-19"", porque eu simplesmente nÃ£o sabia https://t.co/yfWWWoUruH",Jackie_Draven_,1,0,1
2022-02-18 23:59:18+00:00,Interchange / Thamber,1494823871140274176,"OpenPandemics - COVID-19: February update

Preliminary validation of WCG results are very promising.

https://t.co/aRJ1VCHFoi

#OpenPandemics #WorldCommunityGrid #Boinc",Yasawas,0,0,0
2022-02-18 23:59:17+00:00,,1494823866916806656,"9. è­¦å¯Ÿã¯å›½æ°‘ã«å¯¾ã™ã‚‹æ³¨æ„ç¾©å‹™ã«åŸºã¥ãã€å®Ÿé¨“çš„æ²»ç™‚ã®å®Ÿæ–½ã®å³æ™‚ä¸­æ­¢ã‚’è¦è«‹ã—ãŸã€‚
â–  UNITã«ã‚ˆã‚‹ã€Œã€Œãƒ¢ãƒ‡ãƒ«ãƒŠç¤¾ã€ã‚¢ã‚¹ãƒˆãƒ©ã‚¼ãƒã‚«ç¤¾ã€ãƒ•ã‚¡ã‚¤ã‚¶ãƒ¼ç¤¾ã®Covid-19ãƒ¯ã‚¯ãƒãƒ³ã«å«ã¾ã‚Œã‚‹å«æœ‰ç‰©ã®å®šæ€§çš„è©•ä¾¡ã€
ï¼ˆæœ¬ãƒ¬ãƒãƒ¼ãƒˆã¯EbMCsquared CiCãŒãƒ—ãƒ­ã‚¸ã‚§ã‚¯ãƒˆUNITC-112980ã®ä¸‹ã€UNITã«ä¾é ¼ã—ä½œæˆã•ã‚ŒãŸã‚‚ã® https://t.co/kCapUsJYoZ",universalsoftw2,220,53,1
2022-02-18 23:59:16+00:00,Bangladesh,1494823863770914818,Dr. Fauci Says Itâ€™s Time to â€˜Inchâ€™ Back to Normality in the COVID-19 Pandemic. Is HeÂ Right? https://t.co/2bE55htpoY,mass_blog_,0,0,0
2022-02-18 23:59:15+00:00,"Charlotte, NC",1494823858704207880,"CMS to no longer conduct contact tracing; other COVID-19 protocols to change 
 https://t.co/6Q0zT62Jsg",GenevieveWSOC9,1,3,0
2022-02-18 23:59:14+00:00,,1494823858029084673,"5. ã¨é¡Œã•ã‚ŒãŸå ±å‘Šæ›¸ã¯ã€è‹±å›½ã®åˆ‘äº‹äº‹ä»¶6029679/21ã«é–¢ã‚ã£ã¦ã„ãŸè­¦å¯Ÿã«ã‚¤ã‚¢ãƒ³ãƒ»ã‚¯ãƒ¬ã‚¤ãƒˆãƒ³ã«ã‚ˆã£ã¦æå‡ºã•ã‚ŒãŸã€‚
ã€€å½“è©²å ±å‘Šæ›¸ã¯ã€Œè¨´è¨Ÿæ¦‚è¦èª¬æ˜æ›¸é¡ã€ã®æ·»ä»˜è³‡æ–™ã®ä¸€ã¤ã§ã‚ã‚‹ã€‚ãã“ã«ã¯é•åè¡Œç‚ºã¨ã—ã¦ã€Œæ³•äººæ•…æ®ºç½ªã€ã€ã€Œé‡å¤§ãªçŠ¯ç½ªçš„éå¤±è‡´æ­»ç½ªã€ã¨ã‚ã‚Šã€ã€ŒCOVID-19 ãƒ¯ã‚¯ãƒãƒ³ã€ã¨å‘¼ã°ã‚Œã‚‹å®Ÿé¨“çš„æ²»ç™‚ã®",universalsoftw2,229,53,1
2022-02-18 23:59:14+00:00,,1494823856045019138,"4. ã‚¢ã‚¹ãƒˆãƒ©ã‚¼ãƒã‚«ç¤¾ã®ãƒ¯ã‚¯ãƒãƒ³ãŒå…¥ã£ãŸãƒã‚¤ã‚¢ãƒ«ã‚’å…¥æ‰‹ã—ãŸã€‚3ç¤¾ã®ãƒ¯ã‚¯ãƒãƒ³æ³¨å°„æ¶²ã®å†…å®¹ç‰©ã¯ç§‘å­¦æœæŸ»æ‰‹æ³•ã«ã‚ˆã‚Šåˆ†æã•ã‚Œã€ãã®æ¤œæŸ»å ±å‘Šæ›¸ãŒå…¬é–‹ã•ã‚ŒãŸã€‚
ï¼ˆå ±å‘Šæ›¸ãƒªãƒ³ã‚¯ï¼šhttps://t.co/lmysuFk0FSï¼‰
 ã€Œãƒ¢ãƒ‡ãƒ«ãƒŠç¤¾ã€ã‚¢ã‚¹ãƒˆãƒ©ã‚¼ãƒã‚«ç¤¾ã€ãƒ•ã‚¡ã‚¤ã‚¶ãƒ¼ç¤¾ã®Covid-19ãƒ¯ã‚¯ãƒãƒ³ã«å«ã¾ã‚Œã‚‹å«æœ‰ç‰©ã®å®šæ€§çš„è©•ä¾¡ã€",universalsoftw2,249,58,1
2022-02-18 23:59:14+00:00,SW-4111-0803-8145 ã“ã—ã‚ã‚“å³¶,1494823854958850049,"åŒ»ç™‚ã‚¯ãƒ©ã‚¹ã‚¿ã®å¤šããŒç¹°ã‚Šè¿”ã—æ¤œè¨ã—ã¦ããŸè©±ã‚’æ»ã„æ‘˜ã¾ã‚“ã§ä¿¯ç°ã™ã‚‹ã¨ã€
1)ã‚³ãƒ­ãƒŠã‚¦ã‚¤ãƒ«ã‚¹ã¯ã€å…å½¹æš´èµ°ï¼ˆã‚µã‚¤ãƒˆã‚«ã‚¤ãƒ³ã‚¹ãƒˆãƒ¼ãƒ ï¼‰ã‚’å¼•ãèµ·ã“ã™
2)COVID-19ã§èº«ä½“ã«è¡¨ã‚Œã‚‹ç—…çŠ¶ï¼ˆç—‡çŠ¶ï¼‰ã€å¾Œéºç—‡ã®å¤šãã¯ãƒ’ãƒˆã®å…ç–«ãŒéå‰°ã«åƒã„ã¦èµ·ãã‚‹
ã ã„ãŸã„ã“ã‚ŒãŒæ ¹å¹¹ã«ã‚ã‚‹ã‚‰ã—ãã£ã¦ã€‚",azukiglg,80,51,1
2022-02-18 23:59:13+00:00,,1494823851993493504,"2. ã¨ã„ã†æƒ…å ±ã‚’å…¬é–‹ã—ãŸç›´å¾Œã«äº¡ããªã£ãŸï¼‰Andreas Noack åšå£«ã¨Campra åšå£«ãŒè¡Œã£ãŸå®Ÿé¨“çµæœã‚’è‹±å›½ã§å†ç¾ã§ãã‚‹ã‹ã©ã†ã‹ã®èª¿æŸ»ã¨ã€COVID-19ãƒ¯ã‚¯ãƒãƒ³æ³¨å°„ãƒã‚¤ã‚¢ãƒ«ã®ä¸­ã«æ¯’ç´ ã‚„äºˆæœŸã›ã¬å†…å®¹ç‰©ãŒå«ã¾ã‚Œã¦ã„ãªã„ã‹ã©ã†ã‹ã®èª¿æŸ»ã«å¯¾ã—ã¦å”åŠ›ã‚’ç”³ã—å‡ºãŸã€‚
ã€€ã“ã®åŒ»ç™‚å¾“äº‹è€…ã¯ã€è‡ªåˆ†ãŒå‹¤å‹™ã™ã‚‹å¤–ç§‘ã®å†·è”µåº«",universalsoftw2,284,68,2
2022-02-18 23:59:12+00:00,,1494823849887944705,"ç§‘å­¦æœæŸ»æ‰‹æ³•ã«ã‚ˆã‚Šã€ï¼“ç¤¾ã®Covid-19ãƒ¯ã‚¯ãƒãƒ³å…¨ã¦ã«é…¸åŒ–ã‚°ãƒ©ãƒ•ã‚§ãƒ³ãŒå«ã¾ã‚Œã¦ã„ã‚‹ã“ã¨ã‚’ç¢ºèªï¼›æ¤œæŸ»çµæœã¯è­¦å¯Ÿã«æå‡ºã•ã‚Œç«‹ä»¶ã•ã‚Œã‚‹å¯èƒ½æ€§
ã€€2021å¹´12æœˆã€ã‚ã‚‹è‹±å›½äººåŒ»å¸«ãŒã€æ˜ã‚‰ã‹ã«ãƒ¯ã‚¯ãƒãƒ³ã®æå‚·ã‚„å‰¯åå¿œã«è‹¦ã—ã‚“ã§ã„ã‚‹æ‚£è€…ã‚’è¨ºãŸè‡ªèº«ã®çµŒé¨“ã‹ã‚‰ï¼ˆCovid-19ãƒ¯ã‚¯ãƒãƒ³ã«é…¸åŒ–ã‚°ãƒ©ãƒ•ã‚§ãƒ³ãŒå«ã¾ã‚Œã¦ã„ã‚‹ https://t.co/0uHAL7ef44",universalsoftw2,1561,791,11
2022-02-18 23:59:10+00:00,,1494823840769138692,"Governor visits Fontana, announces next phase of state's response to COVID-19 pandemic https://t.co/Mv1vaNlIvR via @HeraldNews1 k no",JuanitaVVenega1,0,0,1
2022-02-18 23:59:10+00:00,äº¬é˜ªå¥ˆä¸˜é™µã€‚Keihanna Area.,1494823839695470596,@TANK2ROW æ¯é£Ÿã€ãƒ©ãƒ¼ã‚²ãƒªã®å¡©ã‚¹ãƒ¼ãƒ—ã¨é»’ãƒ‘ãƒ³ã¿ãŸã„ã ã£ãŸã‚‰å«Œã§ã™ã­ãˆw,FOX_CHIEF,0,0,1
2022-02-18 23:59:08+00:00,,1494823830627360771,"Governor visits Fontana, announces next phase of state's response to COVID-19 pandemic https://t.co/Mv1vaNlIvR via @HeraldNews1",JuanitaVVenega1,0,0,1
2022-02-18 23:59:08+00:00,Michigan,1494823829130170373,"@heather_wynalda @RVal1995 @MichiganTea @mallieg1023 @skateintraffic Yeah, they're studied. But you're going to have to prove those percentages.

Covid is a vascular virus. It effects a lot, including neuro function.",SMSforMI51,0,0,0
2022-02-18 23:59:06+00:00,"Birmingham, AL",1494823821756542980,"COVID-19 hospitalizations average $4,000 in out-of-pocket costs per visit, research says https://t.co/ocy9oZvEF1",WVTM13,0,0,0
2022-02-18 23:58:56+00:00,,1494823778882404353,@LillyTellez Le deseamos una pronta recuperaciÃ³n al virus covid https://t.co/8POcuoM1R6,SamuelChamyshow,5,0,1
2022-02-18 23:58:51+00:00,Lymington,1494823760972689411,"An international treaty on pandemics prevention and preparedness would enable countries around the world to be more resilient to future pandemics such as COVID-19..

..and WHO would be in charge?

https://t.co/MNMaM7mBKx",PJSkm11,1,1,0
2022-02-18 23:58:49+00:00,"Triangle, VA",1494823751300567044,"@sebastia_me En 2500 aÃ±od , AsÃ­ abriran alguna tumba de algÃºn difunto con Covid/19 

Inicia nuevamente la pandemia ...

Ese sarcÃ³fago tendrÃ¡ algÃºn virus de aquellas plagas que acabo parte de Egipto?",Lord__kain,3,0,0
2022-02-18 23:58:49+00:00,"Buenaventura - Valle, Colombia",1494823750470148098,Hong Kong pospone elecciones de liderazgo en medio de creciente ola deÂ COVID-19 https://t.co/cwEIqHlenH,TuraEnLinea,0,0,0
2022-02-18 23:58:42+00:00,,1494823720694730752,"@AJKole1 @lucanew20 Terwijl de Spaanse griep jongeren velde en Covid een gevaarlijk virus is voor de ouderen. Helaas hebben de jongeren hier enorm last van gehad. Tot en met een â€œ verplichtâ€ vaccin waar zij geen voordeel aan hebben. Wij als samenleving, hebben onze toekomst te grabbel gegooid 2",erlinB73,1,0,1
2022-02-18 23:58:40+00:00,,1494823714973794308,"Nigeria, five others to begin COVID-19 vaccine production, get WHOâ€™sÂ technology https://t.co/bobEGnBTfA",newsnow_africa,0,0,0
2022-02-18 23:58:36+00:00,Bolivia,1494823698003632133,"Se enfermÃ³ de Covid-19 en diciembre y su caso se complicÃ³.
https://t.co/aqjbjo0ikM",socialesED,0,0,0
2022-02-18 23:58:35+00:00,,1494823693079519236,"Folks, #Covid_19 is not over just because you say itâ€™s over. #TheBeat @AriMelber https://t.co/8UsvRi96A5",jaybrigitte,0,0,0
2022-02-18 23:58:32+00:00,"WÃ¼rselen, Deutschland",1494823681633275907,"""Sadly"" Das ist der beste Beweis, dass die sogenannten Impfstoffe noch etwas anderes bewirken sollen, als gegen Covid-19 zu helfen. Was meint ihr? https://t.co/RuWF7aFvOw",Taube192,0,0,0
2022-02-18 23:58:32+00:00,London,1494823681163468803,"More reasons why Johnson's COVID-19 policies to appease Baker and his CRG are both idiotic and immensely negligent and dangerous. Way beyond misconduct in public office.

Closer to constructive genocide.

Unrolled thread from @Dr_D_Robertson https://t.co/8ZY2HJZXIK",boococp,2,0,1
2022-02-18 23:58:29+00:00,The DMV Area,1494823667909505026,"@debraj112 @Village_boy7 @zoeciccarelli @john_bruning 1) I think it would be wrong to reduce everything @krizzypowell said to her take on the virus. Yes. COVID-19 outbreak started in China, but China doesn't own the pandemic. As we all know pandemic breaks out everywhere in the world. She's wrong for say that. But she made valid...",ajcollins00,2,0,2
2022-02-18 23:58:29+00:00,,1494823667896918017,"Update: The positive test is a false positive from leftover particulates of the virus from when I had COVID in December. In other words, these mfs are living in my sinuses rent free rn https://t.co/PvUuDBRkuv",Talketsu,14,0,3
2022-02-18 23:58:28+00:00,On Earth,1494823664570744836,"This means in England during the month of September, if you were 40 or older, you were more likely to catch COVID-19 if you were vaccinated, rather than if you were unvaccinated. https://t.co/g9jcLLhAaR",EugeneH85702222,0,1,1
2022-02-18 23:58:25+00:00,,1494823650708570112,Covid-19 ruined education. These kids are so behind itâ€™s actually scary.,papifns,0,0,0
2022-02-18 23:58:23+00:00,"Wisconsin, USA",1494823640520863749,"@FacelessManTwit @theRCLblog Yes, but I am sailing with a 20 something in a month. Vaxxed, had Covid-19 in January, not yet boosted",Becky_Duffy1,0,0,1
2022-02-18 23:58:22+00:00,,1494823639828549635,"Bahia atinge 21.351 casos ativos de Covid-19; 75 Ã³bitos sÃ£o registrados https://t.co/U29NxiIdV5

Dos 1.481.596 casos confirmados desde o inÃ­cio da pandemia, 1.431.391 jÃ¡ sÃ£o considerados recuperados e 28.854 tiveram Ã³bito confirmado. https://t.co/BCffHTCm9M",ichunoticias,0,0,0
2022-02-18 23:58:18+00:00,Montana,1494823621331611649,Surgeon General Vivek Murthy announced Friday that he and his young family have COVID-19 despite their best efforts to avoid infection by getting vaccinated and taking other precautions. https://t.co/FtQF29RVFk,NBCMontana,0,0,1
2022-02-18 23:58:17+00:00,RepÃºblica Dominicana,1494823616193695754,"El Emergency Medicine Interest Group (@EMIGUNPHU) de la Universidad Nacional Pedro HenrÃ­quez UreÃ±a realizÃ³ el 17 de febrero el webinar ActualizaciÃ³n del Covid-19, delta y Ã³micron. Mitos y verdades en el 2022, actividad conducida por el Dr. HÃ©ctor BalcÃ¡cer.
https://t.co/xKfYx2cLQx",MediNewsDO,0,0,0
2022-02-18 23:58:17+00:00,Nigeria,1494823615447146504,"Nigeria, 5 Other African Countries to Produce Covid Vaccines â€“ WHO #coronavirus #CoronavirusUpdates  https://t.co/Av7SndhrPV",Online_Pikin,0,0,0
2022-02-18 23:58:16+00:00,ich,1494823613450670084,"@till_steffen ""die gefahren der covid-erkrankung""
digga ich bin ungeimpft und hatte corona. es war nicht schlimm. kÃ¼mmer dich um echte probleme. es ist nicht dein problem ob ich mich impfe oder nicht",EinIchInMir,0,0,0
2022-02-18 23:58:13+00:00,Mexico,1494823600041480192,"#CDMX | Â¿Tienes entre 18 y 29 aÃ±os? AquÃ­ puedes ver quÃ© dÃ­a te tocarÃ¡ el refuerzo de la vacuna contra COVID-19 
https://t.co/UkMjOtENMA https://t.co/CGokUWdyer",FortunayPoder,0,0,0
2022-02-18 23:58:12+00:00,,1494823598057750528,"Moeldoko: Vaksinasi Covid-19 untuk Anak Belum Capai Target, Harus Lebih Digas

Jangan disamakan dengan orang tua yang bisa duduk anteng. Anak-anak itu, kalau satu nangis bisa nular ke yang lain. 
@jokowi
@KSPgoid https://t.co/LEMHKBMhGF",elekboeek,13,10,0
2022-02-18 23:58:08+00:00,Sydney,1494823580403929088,"This is criminally awful from #BillGates. A virus that has killed MORE THAN 5 MILLION PEOPLE is not a ""vaccine"". My fucking god, mhow do you get this fucking murderously demented? #COVID19 https://t.co/Ga5xb1KOSr",LitThom,0,0,1
2022-02-18 23:58:06+00:00,"San Francisco, CA",1494823569594802176,"You tested positive for COVID-19â€”should you still get a booster shot? Yes.
Wait until your symptoms get better (if you have any) and your isolation period has ended to get your booster shot. 

Talk to your doctor or vaccine provider if you have questions. https://t.co/0oSlvzGAd2.",OkologieSF,0,0,0
2022-02-18 23:58:04+00:00,"Sturgeon Bay, Wisconsin ",1494823562821181442,"When will the COVID-19 pandemic end? Some doctors claim we're at that point, while others say it's too early. https://t.co/QqQQ0SScBN",DCAdvocateNews,0,0,0
2022-02-18 23:58:03+00:00,,1494823557423108098,"@jimdoesitreal @lulubir99138478 @CocoaEyebrows @curbappealreo @ajswurld @NahBabeeNah So your solution would be to put cancer patients in the same building as covid patients for that 15% capacity?

Immunocompromised people in an environment with a highly contagious, deadly, virus?

Slow clap ğŸ‘",BottyBotBot8,0,0,1
2022-02-18 23:58:02+00:00,,1494823555023966213,"Cases: 421,181,271 (+33,110) 
Deaths: 5,871,926 (+0) 
Recovered: 0 (+0) 
Active Cases: 421,181,271 (100%)
Completed Cases: 5,871,926 (1.39%)
Mortality Rate: 1.39% (No Change)
Case Fatality Rate: 100.00% (No Change)

#COVID19 #Coronavirus #StayHome",_covid_19_bot_,0,0,0
2022-02-18 23:58:00+00:00,"ÃœT: 39.904749,-86.046245",1494823545465184258,"During the COVID-19 pandemic, many communities noticed areas of need. This group is working with one Wabash Valley county to see how they can help make improvements.  https://t.co/2zN49Q6LOO",WTHITV,0,0,0
2022-02-18 23:58:00+00:00,"Terre Haute, IN",1494823545397985286,"During the COVID-19 pandemic, many communities noticed areas of need. This group is working with one Wabash Valley county to see how they can help make improvements.  https://t.co/XPqGl4YlQ6",Chris_WTHI,0,0,0
2022-02-18 23:57:59+00:00,PanamÃ¡,1494823540620734471,"Personas que superaron la covid-19 y se vacunaron han creado mÃ¡s defensa, conocido como inmunidad hÃ­brida.  AquÃ­ le explicamos de quÃ© se trata â¬‡ï¸ #NoticiasTVN https://t.co/Xa2xZ4CgpI",tvnnoticias,3,0,13
2022-02-18 23:57:56+00:00,On Earth,1494823530638290945,"Furthermore, for those 40 and older, the average rate of COVID-19 per 100,000 was higher in the fully vaccinated at 724 per 100,000 compared to the unvaccinated at 520 per 100,000.",EugeneH85702222,0,0,1
2022-02-18 23:57:53+00:00,,1494823517837271043,"@IrfanDhalla Hell, we've been doing it since 2020, by obscuring how much the public knows about what Covid does to a body, obscuring how the virus spreads, and positioning safety measures as restrictions. Most of Canada is holding the door open for BA.2 with what we've done lately.",badcookbook,1,0,0
2022-02-18 23:57:43+00:00,,1494823476737318915,@IainDale @MichaelLCrick @Nigel_Farage Shouldnâ€™t that be the title of the PMâ€™s memoirs of Covid-19 ?,mani_s_hundal,0,0,0
2022-02-18 23:57:43+00:00,,1494823474866520065,"Doctors don't leave in #COVIDzero countries.

COVID-19: SHA leader, ER doctor leaving Saskatchewan  | https://t.co/pGDR7gZYzC https://t.co/MtzwSdv8YG",DavidWa59907969,1,0,0
2022-02-18 23:57:41+00:00,OT5 â™¡â†’,1494823467576967172,"#ì—°ì¤€: Esos chicos dulces~

â€” Nota:
BigHit Music a travÃ©s de un informe en Weverse, comunicÃ³ el 17 de Febrero que Choi Yeonjun de @TXT_members, fue diagnosticado con COVID-19 y actualmente se encuentra recuperÃ¡ndose por completo.

[ 2/2 ]",txtgalaxy_,5,0,0
2022-02-18 23:57:41+00:00,"Warszawa, Mazowieckie",1494823464787750915,"@IreneuszSiwiec MoÅ¼e to mgÅ‚a mÃ³zgowa 
w nastÄ™pstwie #Covid_19 ?...",maajtusia,1,0,0
2022-02-18 23:57:40+00:00,France,1494823463990743040,US Surgeon General Says He Tested Positive for COVID-19 https://t.co/VfAZynwmQ9 via @epochtimes,rien2plus,0,0,0
2022-02-18 23:57:39+00:00,"Karlsruhe, Germany",1494823457397391364,"There are currently 51candidates
Out of which, 10 candidates are in phase 3.
#coronavirus #COVID #Covid-19 #vaccine #vaccines #vaccination
Use #telegram and add bot 'CoronaTrackerNepal_bot' to get details and notifications.

Source: https://t.co/HmUwd0efIQ",krishna444_test,0,0,0
2022-02-18 23:57:37+00:00,"Miami, FL",1494823449721810946,Grow Unstoppable and More and More Mass Tested Positive for Covid-19 lots people from all over the States you guys are going to be F by Covid-19,jelvinrivas,1,0,0
2022-02-18 23:57:36+00:00,On Earth,1494823445074518016,"More specifically, 79.94% of the COVID-19 cases in England above the age of 40 during September were fully vaccinated.",EugeneH85702222,1,0,1
2022-02-18 23:57:35+00:00,Detroit,1494823442935259137,Medicare to cover at-home COVID-19 tests this spring after backlash from lawmakers https://t.co/xkaEFhBX09 https://t.co/DcNx4Lz4q5,Obraich,0,0,0
2022-02-18 23:57:33+00:00,Malaysia,1494823432072024068,"Covid-19 (Feb 18): 27,808 new cases, nearly quarter mil active cases https://t.co/Pl7B16qYva",malaysiakini,3,0,0
2022-02-18 23:57:30+00:00,"Tandil, Argentina",1494823420185432067,"Yo veo las historias de personas q tienen covid y las van a ver a la puerta de las casas o les llevan cosas, como hacen para que los quieran tanto?ğŸ˜­ğŸ˜­ğŸ˜­ğŸ˜­",Rochiilopez19,1,0,0
2022-02-18 23:57:25+00:00,,1494823397724856323,@SalSpadafora1 @JillianHortonMD Itâ€™s true. Iâ€™m not. But donâ€™t tell them that. â¤ï¸,friendlycovid19,1,0,0
2022-02-18 23:57:23+00:00,0ã®ä¸­å¿ƒç‚¹,1494823389743169536,Philadelphia Health Department Jokingly Throws Shade at Nicki Minajâ€™s COVID-19 Vaccine Tweet https://t.co/yM069IFzk2 https://t.co/VEHfSbM6Yt,_TOKITOH,0,0,0
2022-02-18 23:57:22+00:00,Viá»‡t Nam,1494823388346564609,â€˜CÃ²n quÃ¡ sá»›m Ä‘á»ƒ coi Covid-19 lÃ  bá»‡nh thÃ´ngÂ thÆ°á»ngâ€™ https://t.co/6xjpMYuxvd,bachtieutran,0,0,0
2022-02-18 23:57:19+00:00,United States,1494823372089434113,"GOP Senators Call For An End To COVID-19 State Of Emergency
https://t.co/BUOrdUWLoI",WakeUpAmericaDR,0,0,0
2022-02-18 23:57:17+00:00,,1494823366636806152,"Hillary Rodham Clinton Tested Positive For COVID-19

#CrimesAgainstHumanity
#CrimesAgainstChildren",RSulliv15348672,0,0,0
2022-02-18 23:57:16+00:00,,1494823363226836995,"No matter how hard the people in charge try to shut down the COVID-19 numbers because ""The economy"", they can't shut down the voices of the healthcare workers on the front lines. Stick with us. We'll let you know when shit's getting bad again. We got your backs. ğŸš‘ğŸ¥ğŸ‘©â€âš•ï¸ğŸ‘¨â€âš•ï¸ğŸ¥¼ğŸ˜·",MLS_Dave,4896,668,50
2022-02-18 23:57:15+00:00,,1494823357438640129,"Universidade Duke, nos EUA, comeÃ§a a testar Ivermectina em pacientes com Covid-19 https://t.co/QtqEjI3H8O",laurinhabolada,27,4,0
2022-02-18 23:57:12+00:00,round on the ends,1494823346680352771,"@duncanbatey I just got over the flu, COVID and then a stomach virus. I have no interest in chronic illness (Also, so sorry you have to deal with that). Here? I'd be kind of fucked if that were the case.",RageMichelle,2,0,0
2022-02-18 23:57:09+00:00,"From Harlem,Nyc But Live In PA",1494823330729402368,Did yâ€™all get ya free Covid-19â€™s at home test kits today???,sosophisticat3d,0,0,0
2022-02-18 23:57:07+00:00,Danmark,1494823324437864448,"@kathyenippert @ScottsBotsAus @unvaxxedovaries Its actually a 99-97% in most countries. Also, you tell this to the families of 5,8mil people worldwide that have died of Covid-19. Also there is not a single peer-reviewed study that has shown the jab to be unsafe, however, there are hundreds that have proven it to be safe.",fort_crypt,0,0,1
2022-02-18 23:57:06+00:00,Mexico,1494823320671473666,#Vacuna: Ejercitarse tras recibir vacuna contra COVID-19 puede aumentar la inmunidad . https://t.co/LzGHPmBOYx,lado_mx,0,0,0
2022-02-18 23:57:04+00:00,"Kewaunee, WI",1494823311787929600,"When will the COVID-19 pandemic end? Some doctors claim we're at that point, while others say it's too early. https://t.co/SkV7nPTVCO",KCStarNews,0,0,0
2022-02-18 23:57:04+00:00,"Amarillo, Texas",1494823310277885958,"@consblog Tell me; what evidence, actual evidence is there that COVID exists? For 2 years that has been asked. Where is the actual evidence that COVID exists? Who is the expert, Dr. or scientist that has demonstrated what the virus actually looks like? And not computer generated images.",Cecil_L_Russell,0,0,0
2022-02-18 23:57:03+00:00,"Denver, CO",1494823308327534592,@MarieGaskill @bebe1969 @dakota_girl495 I already let mine expire. I was ill and covid-19 was rampant at the time. It still bugs me. No telling how much difficult it will be to get it renewed.,BlueOceanGal1,1,0,0
2022-02-18 23:57:02+00:00,"St Louis, MO",1494823301440589824,"We are very pleased with the Courtâ€™s ruling today, dismissing the Attorney Generalâ€™s unfounded lawsuit. Despite some comments to the contrary, not one of @STLCountyâ€™s COVID-19 public health orders has ever been invalidated.  #LocalControl #PublicHealt",DrSamPage,412,65,52
2022-02-18 23:57:01+00:00,Ciudad AutÃ³noma de Buenos Aire,1494823297980125185,"Novedades sobre vacunas:
1âƒ£ La 3Âª dosis duplica la protecciÃ³n frente a la infecciÃ³n por Ã³micron
2âƒ£ La 3Âª dosis con Moderna superarÃ­a a la protecciÃ³n con Pfizer.
3âƒ£ Las vacunas reducen en un 60% algunos sÃ­ntomas de la COVID persistente.
4âƒ£ Protegen frente a BA.1 y BA.2 de Ã³micron.",19Ivan2,1,1,0
2022-02-18 23:57:01+00:00,"Barcelona, Catalunya",1494823296499658752,"No es pot resumir millor ğŸ‘‡ğŸ»

Covid-19: An urgent call for global â€œvaccines-plusâ€ action | The BMJ https://t.co/s8RepSESyU",RutgerWalls,1,0,0
2022-02-18 23:57:00+00:00,,1494823295308414978,"@TacoBellCunt @351ScientzCFC @JUSTNINI__ @Onikaslovechild @PHLPublicHealth It can't happen because the COVID vaccines doesn't carry the virus like other vaccines, you don't know what you're talking about at all lmao.",DP9A2,3,0,1
2022-02-18 23:56:57+00:00,Canada,1494823282884943874,"@sailorrooscout @yucanuck30 @Zadz74 @WHO What's your take on the new Japanese study (preprint): ""New lab experiments from Japan show that BA.2 may have features that make it as capable of causing serious illness as older variants of Covid-19, including Delta."" 
 
https://t.co/ZGfeBzx8V1",bucketwoman0,0,0,2
